18.04.2015 9:57;http://localhost:53780/
18.04.2015 9:58;http://localhost:53780/
18.04.2015 9:58;http://localhost:53780/
18.04.2015 9:58;http://localhost:53780/
18.04.2015 9:58;http://localhost:53780/Home/Table/Biathletes
18.04.2015 9:58;http://localhost:53780/Home/Table/Biathletes
18.04.2015 9:59;http://localhost:53780/Home/Table/Sports
18.04.2015 9:59;http://localhost:53780/Home/Table/Sports
18.04.2015 9:59;http://localhost:53780/Home/Table/Biathletes
18.04.2015 9:59;http://localhost:53780/Home/Table/Biathletes
18.04.2015 9:59;http://localhost:53780/Home/Table/Sports
18.04.2015 9:59;http://localhost:53780/Home/Table/Sports
18.04.2015 10:10;http://localhost:53780/
18.04.2015 10:10;http://localhost:53780/
18.04.2015 10:11;http://localhost:53780/Home/Table/Products
18.04.2015 10:11;http://localhost:53780/Home/Table/Products
18.04.2015 10:11;http://localhost:53780/Home/Table/Tools
18.04.2015 10:11;http://localhost:53780/Home/Table/Tools
18.04.2015 10:11;http://localhost:53780/Home/Table/Products
18.04.2015 10:11;http://localhost:53780/Home/Table/Products
18.04.2015 10:12;http://localhost:53780/
18.04.2015 10:12;http://localhost:53780/
20.04.2015 20:53;http://localhost:53780/
20.04.2015 20:53;http://localhost:53780/
20.04.2015 20:59:17;http://localhost:53780/Home/Table/Products
20.04.2015 20:59:17;http://localhost:53780/Home/Table/Products
20.04.2015 21:01:06;http://localhost:53780/Home/Index
20.04.2015 21:01:18;http://localhost:53780/Home/Index
20.04.2015 21:01:27;http://localhost:53780/Home/Table/Products
20.04.2015 21:01:27;http://localhost:53780/Home/Table/Products
20.04.2015 21:01:28;http://localhost:53780/Home/Table/Tools
20.04.2015 21:01:28;http://localhost:53780/Home/Table/Tools
20.04.2015 21:01:32;http://localhost:53780/Home
20.04.2015 21:01:32;http://localhost:53780/Home
23.04.2015 10:12:12;http://localhost:53780/
23.04.2015 10:12:16;http://localhost:53780/
